Column 1,Column 2,Column 3,Column 4,Column 5
1,,,,
0.2834365112,1,,,
-0.9009731723,-0.2677193761,1,,
-0.9075716972,-0.3144608868,0.8198208223,1,
0.9652180688,0.2730500502,-0.8779766706,-0.9111134151,1